{"cameraMode":{"drawMode":0,"name":"Shaded","section":"Shading Mode"},"sceneLighting":false,"audioPlay":false,"sceneViewState":{"showFog":true,"showMaterialUpdate":true,"showSkybox":false,"showFlares":true,"showImageEffects":true,"showParticleSystems":true},"in2DMode":false,"pivot":{"x":-0.8708657026290894,"y":0.7093560695648193,"z":-0.30757617950439455},"rotation":{"x":-0.17991651594638825,"y":0.09779452532529831,"z":-0.017982186749577524,"w":-0.9786604046821594},"size":0.9357587099075317,"orthographic":false}