{"cameraMode":{"drawMode":0,"name":"Shaded","section":"Shading Mode"},"sceneLighting":true,"audioPlay":false,"sceneViewState":{"showFog":true,"showMaterialUpdate":true,"showSkybox":true,"showFlares":true,"showImageEffects":true,"showParticleSystems":true},"in2DMode":false,"pivot":{"x":1.7666772603988648,"y":-1.195296049118042,"z":8.00127124786377},"rotation":{"x":-0.061651576310396197,"y":-0.062245212495326999,"z":0.0038504672702401878,"w":-0.9961701035499573},"size":10.83206844329834,"orthographic":false}