{"cameraMode":{"drawMode":0,"name":"Shaded","section":"Shading Mode"},"sceneLighting":false,"audioPlay":false,"sceneViewState":{"showFog":true,"showMaterialUpdate":true,"showSkybox":false,"showFlares":true,"showImageEffects":true,"showParticleSystems":true},"in2DMode":false,"pivot":{"x":-0.8704328536987305,"y":0.7093560695648193,"z":-0.30757617950439455},"rotation":{"x":-0.039293546229600909,"y":0.018581541255116464,"z":-0.0007334360852837563,"w":-0.999076783657074},"size":1.2361056804656983,"orthographic":false}