{"cameraMode":{"drawMode":0,"name":"Shaded","section":"Shading Mode"},"sceneLighting":true,"audioPlay":false,"sceneViewState":{"showFog":true,"showMaterialUpdate":true,"showSkybox":true,"showFlares":true,"showImageEffects":true,"showParticleSystems":true},"in2DMode":false,"pivot":{"x":0.040331363677978519,"y":1.954080581665039,"z":8.612232208251954},"rotation":{"x":-0.061651576310396197,"y":-0.062245212495326999,"z":0.0038504672702401878,"w":-0.9961701035499573},"size":10.602017402648926,"orthographic":false}