{"cameraMode":{"drawMode":0,"name":"Shaded","section":"Shading Mode"},"sceneLighting":true,"audioPlay":false,"sceneViewState":{"showFog":true,"showMaterialUpdate":true,"showSkybox":true,"showFlares":true,"showImageEffects":true,"showParticleSystems":true},"in2DMode":false,"pivot":{"x":-0.2295851707458496,"y":1.4033987522125245,"z":5.25080680847168},"rotation":{"x":0.04908793419599533,"y":-0.05780031904578209,"z":-0.002844797680154443,"w":-0.9971195459365845},"size":6.479498863220215,"orthographic":false}