{"cameraMode":{"drawMode":0,"name":"Shaded","section":"Shading Mode"},"sceneLighting":false,"audioPlay":false,"sceneViewState":{"showFog":true,"showMaterialUpdate":true,"showSkybox":false,"showFlares":true,"showImageEffects":true,"showParticleSystems":true},"in2DMode":false,"pivot":{"x":-0.09134137630462647,"y":0.23179703950881959,"z":-0.3861672282218933},"rotation":{"x":-0.17991651594638825,"y":0.09779452532529831,"z":-0.017982186749577524,"w":-0.9786604046821594},"size":0.4507180452346802,"orthographic":false}