{"cameraMode":{"drawMode":0,"name":"Shaded","section":"Shading Mode"},"sceneLighting":true,"audioPlay":false,"sceneViewState":{"showFog":true,"showMaterialUpdate":true,"showSkybox":true,"showFlares":true,"showImageEffects":true,"showParticleSystems":true},"in2DMode":false,"pivot":{"x":0.0359475314617157,"y":3.62863826751709,"z":8.205510139465332},"rotation":{"x":-0.0632496103644371,"y":0.024545393884181978,"z":-0.0015576410805806518,"w":-0.9977172017097473},"size":7.367725849151611,"orthographic":false}