{"cameraMode":{"drawMode":0,"name":"Shaded","section":"Shading Mode"},"sceneLighting":false,"audioPlay":false,"sceneViewState":{"showFog":true,"showMaterialUpdate":true,"showSkybox":false,"showFlares":true,"showImageEffects":true,"showParticleSystems":true},"in2DMode":false,"pivot":{"x":-0.04436790943145752,"y":-0.9500529170036316,"z":-0.7849481105804443},"rotation":{"x":-0.17991651594638825,"y":0.09779452532529831,"z":-0.017982186749577524,"w":-0.9786604046821594},"size":2.135758638381958,"orthographic":false}