{"cameraMode":{"drawMode":0,"name":"Shaded","section":"Shading Mode"},"sceneLighting":false,"audioPlay":false,"sceneViewState":{"showFog":true,"showMaterialUpdate":true,"showSkybox":false,"showFlares":true,"showImageEffects":true,"showParticleSystems":true},"in2DMode":false,"pivot":{"x":-0.43979448080062868,"y":-0.08464759588241577,"z":-0.38145697116851809},"rotation":{"x":-0.17991651594638825,"y":0.09779452532529831,"z":-0.017982186749577524,"w":-0.9786604046821594},"size":1.06081223487854,"orthographic":false}